,department,item_name,sales_quantity
1,Hygiene,baby_diapers,22988.0
0,Hygiene,baby_cream,22600.0
2,Hygiene,baby_shampoo,22451.0
3,Hygiene,baby_soap,22268.0
8,Hygiene,perfume,19830.0
10,Hygiene,soap,19429.0
4,Hygiene,body_wash,19358.0
5,Hygiene,conditioner,18951.0
7,Hygiene,lip_balm,18670.0
9,Hygiene,shampoo,18548.0
6,Hygiene,facial_cleanser,18529.0
11,Hygiene,sunscreen,17455.0
16,animal products,chicken_breast_slices_500g,39139.0
18,animal products,chicken_sausages_150g,38875.0
23,animal products,pork_bacon_500g,38788.0
12,animal products,beef_meatballs_200g,38785.0
17,animal products,chicken_meatballs_250g,38049.0
26,animal products,seer_fish,37859.0
28,animal products,tuna,37710.0
25,animal products,sea crabs,37173.0
20,animal products,cuttlefish,36804.0
24,animal products,prawns,36696.0
13,animal products,butter,14496.0
27,animal products,set yogurt,14475.0
19,animal products,chocolate ice cream,14396.0
15,animal products,cheese wedges,14294.0
29,animal products,vanialla ice cream,14234.0
14,animal products,cheese slices,14210.0
22,animal products,milk carton,13983.0
21,animal products,drinking yogurt,13901.0
42,fresh,pineapple,31939.0
45,fresh,tomatoes,31217.0
43,fresh,potatoes,31169.0
36,fresh,grapes,31088.0
34,fresh,cucumber,30530.0
40,fresh,orange,30420.0
38,fresh,green_beans,30287.0
41,fresh,papaya,30032.0
44,fresh,pumpkin,29962.0
33,fresh,carrot,29936.0
32,fresh,capsicum,29787.0
35,fresh,fuji apple,29684.0
37,fresh,green apple,29549.0
39,fresh,mango,29470.0
30,fresh,banana,29253.0
31,fresh,beetroot,28390.0
54,homeware,stapler_large,4463.0
46,homeware,a5_sprial_notebook_100p,4409.0
50,homeware,highlighter_6_pack,4337.0
47,homeware,ballpoint_pens_blue_6_pc,4169.0
51,homeware,pencils_hb_6_pc,4116.0
53,homeware,single_rule_exercise_book_120p,3904.0
49,homeware,glue_stick,3881.0
55,homeware,whiteboard_marker_blue,3840.0
48,homeware,drawing_book_small_20pg,3809.0
52,homeware,single_rule_cr_book_120p,3744.0
56,household,silicon pacifiers,23455.0
57,household,yoga_mat,21930.0
59,lifestyle,multivitamin_bottle,23301.0
61,lifestyle,smoothie_mix_6_packs,22789.0
58,lifestyle,green_tea_bags_25_pack,22631.0
60,lifestyle,protein_bars,22068.0
63,pet_products,cat litter,4227.0
68,pet_products,pet shampoo,4201.0
69,pet_products,slicker brush,4188.0
62,pet_products,cat food,4041.0
67,pet_products,dog treats,3912.0
64,pet_products,chicken and liver treats,3907.0
66,pet_products,dog leash,3903.0
65,pet_products,dog collar,3835.0
